chr21,10649752,10649872,<NO-CALL>
chr21,10649368,10649728,<NO-CALL>
chr21,10605364,10605604,<NO-CALL>
chr21,10603537,10603657,<NO-CALL>
chr21,10602788,10602908,<NO-CALL>
chr21,10602044,10602164,<NO-CALL>
chr21,10597994,10598114,<NO-CALL>
chr21,10595974,10596094,<NO-CALL>
chr21,10592273,10592393,<NO-CALL>
chr21,10590432,10590552,<NO-CALL>
chr21,10578501,10578621,<NO-CALL>
chr21,10578317,10578437,<NO-CALL>
chr21,10577430,10577550,<NO-CALL>
chr21,10570457,10570577,<NO-CALL>
chr21,10569654,10569774,<NO-CALL>
chr21,10569426,10569546,<NO-CALL>
chr21,10567609,10567849,<NO-CALL>
chr21,10561027,10561230,<NO-CALL>
chr21,10559459,10559579,<NO-CALL>
chr21,10552626,10552746,<NO-CALL>
chr21,10543301,10543421,<NO-CALL>
chr21,10542361,10542481,<NO-CALL>
chr21,10541069,10541189,<NO-CALL>
chr21,10540680,10540800,<NO-CALL>
chr21,10538669,10538789,<NO-CALL>
chr21,10516257,10516377,<NO-CALL>
chr21,10514066,10514306,<NO-CALL>
chr21,10500793,10501033,<NO-CALL>
chr21,10499477,10499597,<NO-CALL>
chr21,10497317,10497557,<NO-CALL>
chr21,10496883,10497003,<NO-CALL>
chr21,10491532,10491652,<NO-CALL>
chr21,10491236,10491356,<NO-CALL>
chr21,10485676,10485796,<NO-CALL>
chr21,10482799,10482919,<NO-CALL>
chr21,10473429,10473790,<NO-CALL>
chr21,10473069,10473189,<NO-CALL>
chr21,10462801,10463041,<NO-CALL>
chr21,10454095,10454335,<NO-CALL>
chr21,10414801,10414921,<NO-CALL>
chr21,10413667,10413787,<NO-CALL>
chr21,13349256,13349376,<NO-CALL>
chr21,13350433,13350553,<NO-CALL>
chr21,13544553,13544674,<NO-CALL>
chr21,13544794,13545154,<NO-CALL>
chr21,13610188,13610789,<NO-CALL>
chr21,13615119,13615240,<NO-CALL>
chr21,13615363,13615603,<NO-CALL>
chr21,13618341,13618462,<NO-CALL>
chr21,13620106,13620346,<NO-CALL>
chr21,13622779,13622900,<NO-CALL>
chr21,13628337,13628477,<NO-CALL>
chr21,13629817,13629938,<NO-CALL>
chr21,13630903,13631143,<NO-CALL>
chr21,13639456,13639696,<NO-CALL>
chr21,13641331,13641575,<NO-CALL>
chr21,13763267,13763387,<NO-CALL>
chr21,13777177,13777297,<NO-CALL>
chr21,13911680,13911800,<NO-CALL>
chr21,13939336,13939458,<NO-CALL>
chr21,13975147,13975267,<NO-CALL>
chr21,13975517,13975637,<NO-CALL>
chr21,13979671,13979791,<NO-CALL>
chr21,14001452,14001602,<NO-CALL>
chr21,14027536,14027686,<NO-CALL>
chr21,14068633,14068753,<NO-CALL>
chr21,14108976,14109096,<NO-CALL>
chr21,14144590,14144830,<NO-CALL>
chr21,14152568,14152688,<NO-CALL>
chr21,14163410,14163530,<NO-CALL>
chr21,14165186,14165426,<NO-CALL>
chr21,14166346,14166466,<NO-CALL>
chr21,14181748,14181868,<NO-CALL>
chr21,14185959,14186079,<NO-CALL>
chr21,14188956,14189466,<NO-CALL>
chr21,14206815,14206984,<NO-CALL>
chr21,14216174,14216294,<NO-CALL>
chr21,14219523,14219763,<NO-CALL>
chr21,14221072,14221192,<NO-CALL>
chr21,14224432,14224552,<NO-CALL>
chr21,14226846,14227326,<NO-CALL>
chr21,14373590,14374310,<NO-CALL>
chr21,14375631,14375855,<NO-CALL>
chr21,14378185,14378425,<NO-CALL>
chr21,14381192,14381552,<NO-CALL>
chr21,14383016,14383166,<NO-CALL>
chr21,14485892,14486132,<NO-CALL>
chr21,14498366,14498636,<NO-CALL>
chr21,14500511,14500751,<NO-CALL>
chr21,14510265,14510505,<NO-CALL>
chr21,14512358,14512628,<NO-CALL>
chr21,14516816,14517086,<NO-CALL>
chr21,14521125,14521245,<NO-CALL>
chr21,14546172,14546292,<NO-CALL>
chr21,14964653,14968253,<DEL>
chr21,15730372,15730492,<NO-CALL>
chr21,15762869,15762989,<NO-CALL>
chr21,15765948,15766188,<NO-CALL>
chr21,15777845,15778085,<NO-CALL>
chr21,15791462,15791702,<NO-CALL>
chr21,15799739,15799859,<NO-CALL>
chr21,15805069,15805309,<NO-CALL>
chr21,15808786,15808936,<NO-CALL>
chr21,15811083,15811233,<NO-CALL>
chr21,15818651,15818891,<NO-CALL>
chr21,15823982,15824222,<NO-CALL>
chr21,15824953,15825073,<NO-CALL>
chr21,15826164,15826404,<NO-CALL>
chr21,15826969,15827209,<NO-CALL>
chr21,15830505,15830625,<NO-CALL>
chr21,15831394,15831634,<NO-CALL>
chr21,15833297,15833567,<NO-CALL>
chr21,15842348,15842588,<NO-CALL>
chr21,15864236,15864476,<NO-CALL>
chr21,15866254,15866374,<NO-CALL>
chr21,15870047,15870167,<NO-CALL>
chr21,15874344,15874584,<DEL>
chr21,15877773,15878013,<NO-CALL>
chr21,15878268,15878508,<NO-CALL>
chr21,16071075,16071345,<INV>
chr21,16194377,16194647,<NO-CALL>
chr21,16231025,16231145,<NO-CALL>
chr21,16391575,16391695,<NO-CALL>
chr21,16539064,16539194,<NO-CALL>
chr21,16539803,16539936,<NO-CALL>
chr21,16590212,16590350,<NO-CALL>
chr21,17513090,17513210,<NO-CALL>
chr21,17542970,17543090,<NO-CALL>
chr21,17546989,17547229,<DEL>
chr21,17551730,17551970,<NO-CALL>
chr21,17558933,17559173,<NO-CALL>
chr21,17560642,17560882,<NO-CALL>
chr21,17561286,17561526,<NO-CALL>
chr21,17565379,17565739,<NO-CALL>
chr21,17593112,17593232,<NO-CALL>
chr21,17594032,17594392,<NO-CALL>
chr21,17598600,17598840,<NO-CALL>
chr21,17604808,17605048,<NO-CALL>
chr21,17608937,17609177,<NO-CALL>
chr21,17793347,17793617,<NO-CALL>
chr21,17795178,17795298,<NO-CALL>
chr21,17796549,17797149,<NO-CALL>
chr21,17818134,17818374,<NO-CALL>
chr21,18134273,18134393,<NO-CALL>
chr21,18245202,18245322,<NO-CALL>
chr21,18256453,18256843,<NO-CALL>
chr21,18256898,18257168,<NO-CALL>
chr21,18260152,18260302,<NO-CALL>
chr21,18262781,18262901,<NO-CALL>
chr21,18265935,18266085,<NO-CALL>
chr21,18269926,18270166,<NO-CALL>
chr21,18275146,18275386,<NO-CALL>
chr21,18278951,18279071,<NO-CALL>
chr21,18281010,18281250,<NO-CALL>
chr21,18294236,18294476,<NO-CALL>
chr21,18294567,18294687,<NO-CALL>
chr21,18297721,18297841,<NO-CALL>
chr21,18312936,18313077,<NO-CALL>
chr21,18315110,18315260,<NO-CALL>
chr21,18326381,18326621,<NO-CALL>
chr21,18329111,18329351,<NO-CALL>
chr21,18332068,18332188,<NO-CALL>
chr21,18341369,18341600,<NO-CALL>
chr21,18343460,18343700,<DEL>
chr21,18343917,18344067,<DEL>
chr21,18352827,18353097,<NO-CALL>
chr21,18353672,18353888,<NO-CALL>
chr21,18359749,18359869,<NO-CALL>
chr21,18365133,18365253,<NO-CALL>
chr21,18372139,18372378,<NO-CALL>
chr21,18379260,18379340,<NO-CALL>
chr21,18383582,18383852,<NO-CALL>
chr21,18397852,18397972,<NO-CALL>
chr21,18398143,18398383,<NO-CALL>
chr21,18403429,18403669,<NO-CALL>
chr21,18858208,18858328,<NO-CALL>
chr21,20998500,20998650,<NO-CALL>
chr21,21280554,21280674,<NO-CALL>
chr21,21284176,21284416,<NO-CALL>
chr21,21286340,21286460,<NO-CALL>
chr21,21292052,21292292,<NO-CALL>
chr21,21324321,21324561,<NO-CALL>
chr21,21335464,21335704,<NO-CALL>
chr21,21338341,21338581,<NO-CALL>
chr21,21373817,21374057,<NO-CALL>
chr21,21410247,21410487,<NO-CALL>
chr21,21418460,21418580,<NO-CALL>
chr21,21432074,21432314,<NO-CALL>
chr21,21466665,21466785,<NO-CALL>
chr21,21468602,21468842,<NO-CALL>
chr21,21477260,21477500,<NO-CALL>
chr21,21508817,21509072,<NO-CALL>
chr21,21534476,21534716,<NO-CALL>
chr21,21537841,21537961,<NO-CALL>
chr21,25573951,25574071,<NO-CALL>
chr21,25585690,25585818,<NO-CALL>
chr21,25587684,25587804,<NO-CALL>
chr21,25588798,25588918,<NO-CALL>
chr21,25592738,25593008,<NO-CALL>
chr21,25593835,25593985,<NO-CALL>
chr21,25597297,25597417,<NO-CALL>
chr21,25599772,25599892,<NO-CALL>
chr21,25601350,25601470,<NO-CALL>
chr21,25603715,25603985,<NO-CALL>
chr21,25606431,25606671,<NO-CALL>
chr21,25607348,25607498,<NO-CALL>
chr21,25639794,25639914,<NO-CALL>
chr21,25683855,25683975,<NO-CALL>
chr21,25689859,25689979,<NO-CALL>
chr21,25693711,25693951,<NO-CALL>
chr21,25698657,25698897,<NO-CALL>
chr21,25702129,25702279,<NO-CALL>
chr21,25705972,25706092,<NO-CALL>
chr21,25709381,25709501,<NO-CALL>
chr21,25712300,25712420,<NO-CALL>
chr21,25714595,25714715,<NO-CALL>
chr21,25717663,25717783,<NO-CALL>
chr21,25724568,25724718,<NO-CALL>
chr21,25725167,25725407,<NO-CALL>
chr21,25729592,25729832,<NO-CALL>
chr21,25734886,25735006,<NO-CALL>
chr21,25741576,25741696,<NO-CALL>
chr21,25745161,25745401,<NO-CALL>
chr21,25749017,25749137,<NO-CALL>
chr21,25751931,25752291,<NO-CALL>
chr21,25757986,25758226,<NO-CALL>
chr21,25762278,25762398,<NO-CALL>
chr21,25764159,25764399,<DEL>
chr21,25764570,25764810,<DEL>
chr21,25768997,25769237,<NO-CALL>
chr21,25881630,25881780,<NO-CALL>
chr21,25891674,25891914,<NO-CALL>
chr21,25897562,25897682,<NO-CALL>
chr21,25904990,25905110,<NO-CALL>
chr21,25911731,25911971,<NO-CALL>
chr21,25954579,25954699,<NO-CALL>
chr21,25955570,25955810,<NO-CALL>
chr21,25974998,25975268,<NO-CALL>
chr21,25975930,25976050,<NO-CALL>
chr21,25982290,25982530,<NO-CALL>
chr21,25997327,25997447,<NO-CALL>
chr21,25999978,26000218,<INV>
chr21,26021744,26022191,<NO-CALL>
chr21,26050976,26051216,<NO-CALL>
chr21,26053201,26053351,<NO-CALL>
chr21,26089857,26090127,<NO-CALL>
chr21,26111942,26112182,<NO-CALL>
chr21,26170531,26170651,<NO-CALL>
chr21,26468445,26468685,<NO-CALL>
chr21,26480200,26480470,<NO-CALL>
chr21,26566256,26566376,<NO-CALL>
chr21,26572813,26572963,<NO-CALL>
chr21,26837568,26838288,<NO-CALL>
chr21,26838406,26838646,<NO-CALL>
chr21,26839524,26839794,<NO-CALL>
chr21,26839847,26840087,<NO-CALL>
chr21,26840238,26840598,<NO-CALL>
chr21,26840961,26841201,<NO-CALL>
chr21,26841803,26842043,<NO-CALL>
chr21,26842301,26842691,<NO-CALL>
chr21,26843689,26843809,<NO-CALL>
chr21,26844169,26845009,<NO-CALL>
chr21,26924036,26924636,<NO-CALL>
chr21,26929853,26930093,<NO-CALL>
chr21,26931971,26932211,<NO-CALL>
chr21,26932832,26933072,<NO-CALL>
chr21,26934427,26934787,<NO-CALL>
chr21,26943313,26943583,<NO-CALL>
chr21,26954684,26954924,<NO-CALL>
chr21,26965239,26966439,<NO-CALL>
chr21,28876377,28876497,<NO-CALL>
chr21,28878142,28878382,<NO-CALL>
chr21,28879855,28879975,<NO-CALL>
chr21,28882144,28882264,<NO-CALL>
chr21,28882923,28883073,<NO-CALL>
chr21,28885128,28885398,<NO-CALL>
chr21,28930418,28930538,<NO-CALL>
chr21,28931118,28931358,<NO-CALL>
chr21,28932416,28932686,<NO-CALL>
chr21,28935098,28935338,<NO-CALL>
chr21,28936461,28936731,<NO-CALL>
chr21,28941192,28941432,<NO-CALL>
chr21,28943255,28943375,<NO-CALL>
chr21,28943605,28943965,<NO-CALL>
chr21,28944339,28944609,<NO-CALL>
chr21,28945758,28945998,<NO-CALL>
chr21,28946099,28946339,<NO-CALL>
chr21,28947464,28947654,<NO-CALL>
chr21,28952151,28952271,<NO-CALL>
chr21,28953176,28953416,<NO-CALL>
chr21,28956734,28956974,<NO-CALL>
chr21,28957283,28957523,<NO-CALL>
chr21,28958312,28958582,<NO-CALL>
chr21,28959367,28959757,<NO-CALL>
chr21,28960491,28960731,<NO-CALL>
chr21,28965825,28965945,<NO-CALL>
chr21,28966354,28967194,<NO-CALL>
chr21,28969413,28969653,<NO-CALL>
chr21,28970526,28970766,<NO-CALL>
chr21,28971237,28971477,<NO-CALL>
chr21,28981088,28981302,<NO-CALL>
chr21,28982281,28982401,<INV>
chr21,28984686,28984926,<NO-CALL>
chr21,28986097,28986247,<NO-CALL>
chr21,28986712,28986952,<NO-CALL>
chr21,28992694,28992844,<NO-CALL>
chr21,29006413,29006653,<NO-CALL>
chr21,29007702,29008181,<NO-CALL>
chr21,29008183,29008333,<NO-CALL>
chr21,29008387,29008627,<NO-CALL>
chr21,29019183,29019303,<NO-CALL>
chr21,29027883,29028003,<NO-CALL>
chr21,29030563,29030803,<NO-CALL>
chr21,29034828,29034948,<NO-CALL>
chr21,29036262,29036382,<NO-CALL>
chr21,29037249,29037489,<NO-CALL>
chr21,29038322,29038472,<NO-CALL>
chr21,29038970,29039204,<NO-CALL>
chr21,29039464,29039584,<NO-CALL>
chr21,29040590,29040710,<NO-CALL>
chr21,29041998,29042118,<NO-CALL>
chr21,29042439,29042559,<NO-CALL>
chr21,29043390,29043630,<NO-CALL>
chr21,29046642,29047353,<NO-CALL>
chr21,29048747,29048867,<NO-CALL>
chr21,29050074,29050194,<NO-CALL>
chr21,29053759,29053999,<NO-CALL>
chr21,29054006,29054246,<NO-CALL>
chr21,29056453,29056573,<NO-CALL>
chr21,29060480,29060720,<NO-CALL>
chr21,29061214,29061454,<NO-CALL>
chr21,29061471,29061591,<NO-CALL>
chr21,29062125,29062245,<NO-CALL>
chr21,29062281,29062582,<NO-CALL>
chr21,29063320,29063560,<NO-CALL>
chr21,29064916,29065156,<NO-CALL>
chr21,29066686,29066806,<NO-CALL>
chr21,29066860,29067100,<NO-CALL>
chr21,29067510,29067750,<NO-CALL>
chr21,29069402,29069522,<NO-CALL>
chr21,29070231,29070351,<NO-CALL>
chr21,29073500,29073620,<NO-CALL>
chr21,29085828,29085948,<INV>
chr21,29092389,29092629,<NO-CALL>
chr21,29149159,29149279,<NO-CALL>
chr21,29159908,29160058,<NO-CALL>
chr21,29174681,29174921,<NO-CALL>
chr21,29321277,29321517,<NO-CALL>
chr21,29326005,29327445,<NO-CALL>
chr21,29329469,29329709,<NO-CALL>
chr21,29342345,29342855,<NO-CALL>
chr21,29351621,29351741,<NO-CALL>
chr21,29537187,29537427,<NO-CALL>
chr21,29537713,29537900,<NO-CALL>
chr21,29553509,29553749,<NO-CALL>
chr21,29554996,29555356,<NO-CALL>
chr21,29561616,29561856,<NO-CALL>
chr21,29576952,29577192,<NO-CALL>
chr21,29581363,29581603,<NO-CALL>
chr21,29587357,29587597,<NO-CALL>
chr21,29588820,29589060,<NO-CALL>
chr21,29591108,29591228,<NO-CALL>
chr21,29596487,29596607,<NO-CALL>
chr21,29598823,29598943,<NO-CALL>
chr21,29601168,29601288,<NO-CALL>
chr21,29642777,29643017,<NO-CALL>
chr21,29651084,29651324,<NO-CALL>
chr21,29654746,29654896,<NO-CALL>
chr21,29672953,29673193,<NO-CALL>
chr21,29689676,29689993,<NO-CALL>
chr21,29693859,29694099,<NO-CALL>
chr21,29861616,29861736,<NO-CALL>
chr21,29939321,29939561,<NO-CALL>
chr21,30165919,30166639,<INV>
chr21,30215226,30215946,<NO-CALL>
chr21,30282092,30282559,<NO-CALL>
chr21,30282604,30282949,<NO-CALL>
chr21,30319358,30320078,<NO-CALL>
chr21,30336996,30337716,<INV>
chr21,30348357,30348627,<NO-CALL>
chr21,30371619,30372249,<NO-CALL>
chr21,30396024,30396645,<NO-CALL>
chr21,30425352,30425952,<NO-CALL>
chr21,30430216,30430816,<NO-CALL>
chr21,30440294,30440774,<NO-CALL>
chr21,30479970,30480360,<NO-CALL>
chr21,30487148,30487388,<NO-CALL>
chr21,30491624,30492044,<NO-CALL>
chr21,30496802,30497162,<NO-CALL>
chr21,30501830,30502100,<NO-CALL>
chr21,30541594,30541864,<NO-CALL>
chr21,30561043,30561313,<NO-CALL>
chr21,30592417,30592657,<NO-CALL>
chr21,30598629,30598899,<NO-CALL>
chr21,30601073,30601313,<NO-CALL>
chr21,30613676,30613916,<NO-CALL>
chr21,30616359,30616669,<NO-CALL>
chr21,30635242,30635512,<NO-CALL>
chr21,30746863,30747291,<NO-CALL>
chr21,30755136,30755472,<NO-CALL>
chr21,30812974,30813244,<NO-CALL>
chr21,30880948,30881578,<NO-CALL>
chr21,31038197,31038467,<NO-CALL>
chr21,31062715,31062955,<NO-CALL>
chr21,31120362,31120842,<NO-CALL>
chr21,31124487,31124727,<NO-CALL>
chr21,31127048,31127168,<NO-CALL>
chr21,31130173,31130323,<NO-CALL>
chr21,31130858,31130978,<NO-CALL>
chr21,31135926,31136046,<NO-CALL>
chr21,31141032,31141534,<NO-CALL>
chr21,31146888,31147008,<NO-CALL>
chr21,31152578,31152818,<NO-CALL>
chr21,31153009,31153159,<NO-CALL>
chr21,31154216,31154456,<NO-CALL>
chr21,31164953,31165073,<NO-CALL>
chr21,31182382,31182652,<NO-CALL>
chr21,31186953,31187103,<NO-CALL>
chr21,31195204,31195324,<NO-CALL>
chr21,31202899,31203019,<NO-CALL>
chr21,31209979,31210249,<NO-CALL>
chr21,31213374,31213494,<NO-CALL>
chr21,31217475,31217745,<NO-CALL>
chr21,31223348,31223618,<NO-CALL>
chr21,31225717,31225957,<NO-CALL>
chr21,31245423,31245693,<NO-CALL>
chr21,31251695,31252205,<NO-CALL>
chr21,31265950,31267030,<NO-CALL>
chr21,31659745,31659865,<NO-CALL>
chr21,31663777,31663897,<NO-CALL>
chr21,31666423,31666543,<NO-CALL>
chr21,31667196,31667436,<NO-CALL>
chr21,31668434,31668584,<NO-CALL>
chr21,31671338,31671998,<INV>
chr21,31671999,31672369,<NO-CALL>
chr21,31685024,31685264,<NO-CALL>
chr21,31685350,31685770,<NO-CALL>
chr21,31688265,31688505,<INV>
chr21,31690754,31690994,<NO-CALL>
chr21,31691783,31691933,<NO-CALL>
chr21,31692308,31692458,<NO-CALL>
chr21,31693268,31693508,<NO-CALL>
chr21,31694186,31694306,<NO-CALL>
chr21,31694776,31695016,<NO-CALL>
chr21,31696076,31696226,<NO-CALL>
chr21,31696539,31696779,<NO-CALL>
chr21,31700962,31701202,<NO-CALL>
chr21,31701726,31701966,<NO-CALL>
chr21,31702191,31702431,<NO-CALL>
chr21,31703763,31703965,<NO-CALL>
chr21,31705384,31705504,<NO-CALL>
chr21,31706255,31706375,<NO-CALL>
chr21,31731617,31731737,<NO-CALL>
chr21,31873675,31873971,<NO-CALL>
chr21,31924433,31924793,<NO-CALL>
chr21,31940132,31940252,<NO-CALL>
chr21,31945983,31946223,<NO-CALL>
chr21,31958786,31959026,<DEL>
chr21,31968197,31968437,<NO-CALL>
chr21,31974485,31974755,<NO-CALL>
chr21,31983507,31983627,<NO-CALL>
chr21,31990075,31990195,<NO-CALL>
chr21,31995707,31995977,<NO-CALL>
chr21,31998494,31999214,<NO-CALL>
chr21,32268972,32269122,<NO-CALL>
chr21,32269664,32269814,<NO-CALL>
chr21,32270317,32270587,<NO-CALL>
chr21,32274802,32274922,<NO-CALL>
chr21,32278667,32279027,<NO-CALL>
chr21,32298964,32299084,<NO-CALL>
chr21,32306629,32306749,<NO-CALL>
chr21,32311629,32312019,<NO-CALL>
chr21,32314511,32314661,<NO-CALL>
chr21,32377121,32377374,<NO-CALL>
chr21,32393223,32393408,<NO-CALL>
chr21,32412813,32413053,<INV>
chr21,32453289,32453529,<NO-CALL>
chr21,32457508,32457778,<NO-CALL>
chr21,32467651,32467864,<NO-CALL>
chr21,32494978,32495218,<NO-CALL>
chr21,32501394,32501514,<NO-CALL>
chr21,32503880,32504030,<NO-CALL>
chr21,32514761,32515241,<NO-CALL>
chr21,32576728,32576968,<NO-CALL>
chr21,32578642,32578882,<NO-CALL>
chr21,32582157,32582427,<NO-CALL>
chr21,32584082,32584352,<NO-CALL>
chr21,32601857,32601977,<NO-CALL>
chr21,32602229,32602379,<NO-CALL>
chr21,32603106,32603346,<NO-CALL>
chr21,32604083,32604323,<NO-CALL>
chr21,32607622,32607742,<NO-CALL>
chr21,32609801,32610041,<NO-CALL>
chr21,32612053,32612293,<NO-CALL>
chr21,32630947,32631817,<DEL>
chr21,32634813,32634933,<NO-CALL>
chr21,32638866,32639136,<NO-CALL>
chr21,32639634,32639784,<NO-CALL>
chr21,32641891,32642173,<NO-CALL>
chr21,32643343,32643493,<NO-CALL>
chr21,32644926,32645046,<NO-CALL>
chr21,32645575,32645789,<NO-CALL>
chr21,32645915,32646035,<NO-CALL>
chr21,32646347,32646617,<NO-CALL>
chr21,32650144,32650384,<NO-CALL>
chr21,32653266,32653386,<NO-CALL>
chr21,32656644,32656914,<NO-CALL>
chr21,32656941,32657181,<NO-CALL>
chr21,32657673,32657913,<NO-CALL>
chr21,32664871,32665111,<NO-CALL>
chr21,32665918,32666158,<NO-CALL>
chr21,32666352,32666622,<NO-CALL>
chr21,32670269,32670389,<NO-CALL>
chr21,32673315,32673555,<DEL>
chr21,32676283,32676403,<NO-CALL>
chr21,32678572,32678842,<NO-CALL>
chr21,32681451,32681691,<NO-CALL>
chr21,32684018,32684138,<NO-CALL>
chr21,32685712,32685952,<NO-CALL>
chr21,32686965,32687085,<NO-CALL>
chr21,32688276,32688396,<NO-CALL>
chr21,32694209,32694329,<NO-CALL>
chr21,32695049,32695289,<NO-CALL>
chr21,32699761,32700151,<NO-CALL>
chr21,32701943,32702063,<NO-CALL>
chr21,32726713,32726953,<NO-CALL>
chr21,32734888,32735128,<DEL>
chr21,32737210,32737450,<NO-CALL>
chr21,32738125,32738365,<NO-CALL>
chr21,32741434,32741622,<NO-CALL>
chr21,32743220,32743340,<NO-CALL>
chr21,32743655,32743775,<NO-CALL>
chr21,32744732,32744972,<NO-CALL>
chr21,32745525,32745761,<NO-CALL>
chr21,32748478,32748718,<NO-CALL>
chr21,32750914,32751034,<NO-CALL>
chr21,32751108,32751228,<NO-CALL>
chr21,32755171,32755411,<NO-CALL>
chr21,32756294,32756414,<NO-CALL>
chr21,32759054,32759294,<NO-CALL>
chr21,32759765,32760005,<NO-CALL>
chr21,32761050,32761170,<NO-CALL>
chr21,32762086,32762326,<NO-CALL>
chr21,32764315,32764537,<NO-CALL>
chr21,32769757,32769997,<NO-CALL>
chr21,32771316,32771676,<NO-CALL>
chr21,32793628,32794469,<NO-CALL>
chr21,33026832,33027886,<NO-CALL>
chr21,33070249,33070369,<NO-CALL>
chr21,33070596,33070777,<NO-CALL>
chr21,33070976,33071096,<NO-CALL>
chr21,33241889,33242009,<NO-CALL>
chr21,33243633,33243753,<NO-CALL>
chr21,33244892,33245132,<NO-CALL>
chr21,33246683,33246923,<NO-CALL>
chr21,33248702,33248901,<NO-CALL>
chr21,33252595,33252926,<NO-CALL>
chr21,33260541,33260734,<NO-CALL>
chr21,33262706,33263506,<NO-CALL>
chr21,33266429,33266549,<NO-CALL>
chr21,33268335,33268575,<NO-CALL>
chr21,33276554,33276794,<NO-CALL>
chr21,33279714,33279954,<INS>
chr21,33283047,33283287,<NO-CALL>
chr21,33288062,33288302,<NO-CALL>
chr21,33296150,33296390,<NO-CALL>
chr21,33325033,33325153,<NO-CALL>
chr21,33335465,33335705,<NO-CALL>
chr21,33340966,33341206,<NO-CALL>
chr21,33343224,33343464,<NO-CALL>
chr21,33343485,33343725,<NO-CALL>
chr21,33345242,33345362,<NO-CALL>
chr21,33349070,33349310,<NO-CALL>
chr21,33349345,33349585,<NO-CALL>
chr21,33352712,33352952,<NO-CALL>
chr21,33353590,33353830,<NO-CALL>
chr21,33355312,33355552,<NO-CALL>
chr21,33403428,33403734,<NO-CALL>
chr21,33414888,33415073,<NO-CALL>
chr21,33421462,33421702,<NO-CALL>
chr21,33426837,33427077,<NO-CALL>
chr21,33432136,33432376,<NO-CALL>
chr21,33432672,33432889,<NO-CALL>
chr21,33436774,33437014,<NO-CALL>
chr21,33450780,33450900,<NO-CALL>
chr21,33455695,33455815,<NO-CALL>
chr21,33460398,33460518,<NO-CALL>
chr21,33465315,33465435,<NO-CALL>
chr21,33466975,33467125,<NO-CALL>
chr21,33468775,33468895,<NO-CALL>
chr21,33488209,33489409,<NO-CALL>
chr21,33504099,33504339,<NO-CALL>
chr21,33504379,33504529,<NO-CALL>
chr21,33505511,33505751,<NO-CALL>
chr21,33505888,33506143,<NO-CALL>
chr21,33509701,33509971,<INV>
chr21,33511204,33511474,<NO-CALL>
chr21,33516944,33517184,<NO-CALL>
chr21,33517302,33517662,<NO-CALL>
chr21,33520342,33520582,<NO-CALL>
chr21,33520870,33521020,<NO-CALL>
chr21,33522174,33522294,<NO-CALL>
chr21,33524732,33525002,<NO-CALL>
chr21,33528130,33528370,<NO-CALL>
chr21,33528490,33528610,<NO-CALL>
chr21,33528833,33528953,<NO-CALL>
chr21,33530701,33530941,<NO-CALL>
chr21,33531418,33531568,<NO-CALL>
chr21,33532310,33532460,<NO-CALL>
chr21,33534545,33534785,<NO-CALL>
chr21,33535212,33535332,<NO-CALL>
chr21,33539122,33539362,<NO-CALL>
chr21,33543070,33543190,<NO-CALL>
chr21,33546175,33546415,<NO-CALL>
chr21,33549452,33555428,<NO-CALL>
chr21,33557085,33557355,<INV>
chr21,33559182,33559422,<NO-CALL>
chr21,33559530,33560183,<NO-CALL>
chr21,33567121,33567271,<NO-CALL>
chr21,33568908,33569148,<NO-CALL>
chr21,33573261,33573501,<NO-CALL>
chr21,33575571,33575691,<NO-CALL>
chr21,33575775,33575895,<NO-CALL>
chr21,33576304,33576454,<NO-CALL>
chr21,33578255,33578495,<NO-CALL>
chr21,33579335,33579575,<NO-CALL>
chr21,33581280,33581520,<NO-CALL>
chr21,33581942,33582062,<NO-CALL>
chr21,33582145,33582265,<NO-CALL>
chr21,33583456,33583696,<NO-CALL>
chr21,33584558,33584798,<NO-CALL>
chr21,33585929,33586199,<NO-CALL>
chr21,33587501,33587621,<NO-CALL>
chr21,33588300,33588660,<NO-CALL>
chr21,33589811,33589931,<NO-CALL>
chr21,33591124,33591244,<NO-CALL>
chr21,33595723,33595843,<NO-CALL>
chr21,33597220,33597460,<NO-CALL>
chr21,33599138,33599258,<NO-CALL>
chr21,33602229,33602349,<NO-CALL>
chr21,33603350,33603559,<NO-CALL>
chr21,33613511,33613631,<NO-CALL>
chr21,33616642,33616768,<NO-CALL>
chr21,33621971,33622091,<NO-CALL>
chr21,33624661,33624781,<DEL>
chr21,33631437,33631558,<NO-CALL>
chr21,33718782,33718902,<NO-CALL>
chr21,33721163,33721283,<NO-CALL>
chr21,33722559,33722679,<NO-CALL>
chr21,33735003,33735243,<NO-CALL>
chr21,33750082,33750352,<INV>
chr21,33751797,33751917,<NO-CALL>
chr21,33755286,33755406,<NO-CALL>
chr21,33761894,33762014,<NO-CALL>
chr21,33765823,33766063,<NO-CALL>
chr21,33767680,33767830,<NO-CALL>
chr21,33772031,33772323,<NO-CALL>
chr21,33774683,33775157,<NO-CALL>
chr21,33781444,33781564,<NO-CALL>
chr21,33781913,33782183,<NO-CALL>
chr21,33794254,33794554,<NO-CALL>
chr21,33797343,33797643,<NO-CALL>
chr21,33799748,33799988,<NO-CALL>
chr21,33802376,33802496,<NO-CALL>
chr21,33810888,33811278,<NO-CALL>
chr21,33813872,33814112,<NO-CALL>
chr21,33818249,33818489,<NO-CALL>
chr21,33819191,33819341,<NO-CALL>
chr21,33823449,33823689,<NO-CALL>
chr21,33826750,33826900,<NO-CALL>
chr21,33829534,33829804,<NO-CALL>
chr21,33834245,33834485,<NO-CALL>
chr21,33836386,33836656,<NO-CALL>
chr21,33836927,33837047,<NO-CALL>
chr21,33856676,33856916,<NO-CALL>
chr21,33858678,33858798,<NO-CALL>
chr21,33865122,33865362,<NO-CALL>
chr21,33867221,33867341,<NO-CALL>
chr21,33875287,33875557,<INS>
chr21,33882228,33882468,<NO-CALL>
chr21,33883460,33883730,<NO-CALL>
chr21,33885021,33885141,<NO-CALL>
chr21,33885420,33885540,<NO-CALL>
chr21,33886223,33886493,<NO-CALL>
chr21,33888075,33888345,<NO-CALL>
chr21,33903522,33903642,<NO-CALL>
chr21,33903887,33904037,<NO-CALL>
chr21,33907306,33907456,<INS>
chr21,33909038,33909266,<NO-CALL>
chr21,33912283,33912403,<NO-CALL>
chr21,33914414,33914534,<NO-CALL>
chr21,33915685,33915805,<NO-CALL>
chr21,34073653,34073773,<NO-CALL>
chr21,34095136,34097416,<NO-CALL>
chr21,34125290,34125530,<NO-CALL>
chr21,34142383,34142623,<NO-CALL>
chr21,34370394,34370904,<NO-CALL>
chr21,34379450,34379570,<NO-CALL>
chr21,34385439,34385679,<NO-CALL>
chr21,34449199,34449679,<NO-CALL>
chr21,34518049,34518289,<NO-CALL>
chr21,34521428,34521698,<NO-CALL>
chr21,34523503,34523743,<NO-CALL>
chr21,34526615,34526765,<NO-CALL>
chr21,34614723,34615102,<NO-CALL>
chr21,34669355,34670795,<NO-CALL>
chr21,34707274,34707394,<NO-CALL>
chr21,34707886,34708126,<NO-CALL>
chr21,34708692,34708812,<NO-CALL>
chr21,34709327,34709567,<NO-CALL>
chr21,34716281,34716521,<NO-CALL>
chr21,34791966,34792086,<NO-CALL>
chr21,34792132,34792612,<NO-CALL>
chr21,34799261,34799501,<NO-CALL>
chr21,34821621,34821741,<INV>
chr21,34834355,34834614,<NO-CALL>
chr21,34856371,34856491,<NO-CALL>
chr21,34859465,34859585,<NO-CALL>
chr21,34880484,34880754,<NO-CALL>
chr21,34886797,34887157,<NO-CALL>
chr21,34889646,34889766,<NO-CALL>
chr21,34892883,34893003,<NO-CALL>
chr21,35048810,35048930,<NO-CALL>
chr21,35720671,35720833,<NO-CALL>
chr21,36036033,36036271,<NO-CALL>
chr21,36038091,36038331,<NO-CALL>
chr21,36040524,36040674,<NO-CALL>
chr21,36041787,36041907,<NO-CALL>
chr21,36043737,36043977,<NO-CALL>
chr21,36045526,36046036,<NO-CALL>
chr21,36048261,36048411,<NO-CALL>
chr21,36050390,36050506,<NO-CALL>
chr21,36053511,36053661,<NO-CALL>
chr21,36057066,36057216,<NO-CALL>
chr21,36058791,36058911,<NO-CALL>
chr21,36070079,36070439,<INV>
chr21,36070943,36071063,<NO-CALL>
chr21,36072423,36072903,<NO-CALL>
chr21,36130432,36130550,<NO-CALL>
chr21,36131310,36131430,<NO-CALL>
chr21,36135156,36135516,<NO-CALL>
chr21,36137818,36137938,<NO-CALL>
chr21,36146053,36146533,<NO-CALL>
chr21,36164682,36164922,<NO-CALL>
chr21,36199010,36199280,<NO-CALL>
chr21,36200265,36200535,<NO-CALL>
chr21,36208689,36208929,<NO-CALL>
chr21,36211541,36211661,<NO-CALL>
chr21,36211915,36212155,<NO-CALL>
chr21,36214045,36214195,<NO-CALL>
chr21,36214438,36214558,<NO-CALL>
chr21,36219311,36219551,<NO-CALL>
chr21,36223170,36223410,<NO-CALL>
chr21,36225525,36225675,<NO-CALL>
chr21,36227661,36227901,<INV>
chr21,36230431,36231151,<NO-CALL>
chr21,36232759,36233087,<NO-CALL>
chr21,36237217,36237457,<NO-CALL>
chr21,36238590,36238710,<NO-CALL>
chr21,36239739,36239979,<NO-CALL>
chr21,36244992,36246702,<NO-CALL>
chr21,36247512,36247632,<NO-CALL>
chr21,36248323,36248593,<NO-CALL>
chr21,36251102,36251342,<NO-CALL>
chr21,36253720,36253960,<NO-CALL>
chr21,36260644,36260764,<NO-CALL>
chr21,36263537,36263657,<NO-CALL>
chr21,36263690,36263840,<NO-CALL>
chr21,36269934,36270204,<NO-CALL>
chr21,36277000,36277120,<INV>
chr21,36277939,36278089,<NO-CALL>
chr21,36278161,36278401,<NO-CALL>
chr21,36280255,36280375,<NO-CALL>
chr21,36281426,36281620,<NO-CALL>
chr21,36287961,36288201,<NO-CALL>
chr21,36288723,36288843,<NO-CALL>
chr21,36289005,36289245,<NO-CALL>
chr21,36292048,36292251,<NO-CALL>
chr21,36293265,36293625,<NO-CALL>
chr21,36320220,36320340,<NO-CALL>
chr21,36333621,36333741,<NO-CALL>
chr21,36336819,36337059,<INS>
chr21,36337718,36337958,<NO-CALL>
chr21,36338727,36338967,<NO-CALL>
chr21,36341352,36341592,<NO-CALL>
chr21,36344522,36344762,<NO-CALL>
chr21,36344851,36345091,<NO-CALL>
chr21,36349299,36349419,<NO-CALL>
chr21,36356611,36356731,<NO-CALL>
chr21,36359895,36360135,<NO-CALL>
chr21,36360160,36360280,<NO-CALL>
chr21,36362124,36362244,<NO-CALL>
chr21,36364055,36364295,<NO-CALL>
chr21,36368951,36369911,<NO-CALL>
chr21,36372332,36372572,<NO-CALL>
chr21,36375099,36375339,<NO-CALL>
chr21,36386079,36386319,<INV>
chr21,36387543,36387783,<NO-CALL>
chr21,36391492,36391729,<NO-CALL>
chr21,36394508,36394658,<NO-CALL>
chr21,36397372,36397522,<NO-CALL>
chr21,36399502,36399622,<NO-CALL>
chr21,36402716,36402866,<NO-CALL>
chr21,36408735,36408855,<NO-CALL>
chr21,36409329,36409479,<NO-CALL>
chr21,36411413,36411653,<NO-CALL>
chr21,36412859,36413339,<NO-CALL>
chr21,36415281,36415401,<NO-CALL>
chr21,36416260,36416380,<NO-CALL>
chr21,36460915,36461755,<NO-CALL>
chr21,36699713,36699953,<NO-CALL>
chr21,36709148,36709268,<NO-CALL>
chr21,36712517,36712637,<NO-CALL>
chr21,36719814,36719934,<NO-CALL>
chr21,36723027,36723147,<INV>
chr21,36726098,36726338,<NO-CALL>
chr21,36731007,36731157,<NO-CALL>
chr21,36741670,36741875,<NO-CALL>
chr21,36743320,36743590,<NO-CALL>
chr21,36744661,36745171,<NO-CALL>
chr21,36747644,36747864,<NO-CALL>
chr21,36747865,36748165,<NO-CALL>
chr21,36754211,36754451,<NO-CALL>
chr21,36756528,36756768,<NO-CALL>
chr21,36759723,36759843,<NO-CALL>
chr21,36764971,36765211,<NO-CALL>
chr21,36767191,36767311,<NO-CALL>
chr21,36896785,36897175,<NO-CALL>
chr21,36930191,36930461,<NO-CALL>
chr21,36936410,36937400,<NO-CALL>
chr21,36938803,36938923,<NO-CALL>
chr21,37006764,37006884,<NO-CALL>
chr21,37008099,37008249,<NO-CALL>
chr21,37013524,37013644,<NO-CALL>
chr21,37017860,37018220,<NO-CALL>
chr21,37065526,37065766,<NO-CALL>
chr21,37067170,37067440,<NO-CALL>
chr21,37069527,37069647,<NO-CALL>
chr21,37072086,37072206,<NO-CALL>
chr21,37072360,37072630,<NO-CALL>
chr21,37087209,37087449,<INV>
chr21,37087793,37087913,<NO-CALL>
chr21,37088196,37088391,<NO-CALL>
chr21,37088782,37088902,<NO-CALL>
chr21,37090199,37090319,<NO-CALL>
chr21,37091232,37091472,<NO-CALL>
chr21,37093978,37094098,<NO-CALL>
chr21,37095336,37095456,<NO-CALL>
chr21,37096551,37096671,<NO-CALL>
chr21,37108358,37108508,<NO-CALL>
chr21,37121747,37122017,<NO-CALL>
chr21,37122945,37123065,<NO-CALL>
chr21,37124560,37124800,<INV>
chr21,37126051,37126171,<NO-CALL>
chr21,37128972,37129092,<NO-CALL>
chr21,37132663,37132813,<NO-CALL>
chr21,37135326,37135566,<NO-CALL>
chr21,37138613,37138733,<NO-CALL>
chr21,37140526,37140676,<NO-CALL>
chr21,37144464,37144704,<NO-CALL>
chr21,37147421,37147661,<NO-CALL>
chr21,37148536,37148656,<NO-CALL>
chr21,37150063,37150183,<NO-CALL>
chr21,37150791,37150911,<NO-CALL>
chr21,37151840,37152110,<NO-CALL>
chr21,37152903,37153277,<NO-CALL>
chr21,37156600,37156960,<NO-CALL>
chr21,37159661,37159781,<NO-CALL>
chr21,37160769,37160889,<NO-CALL>
chr21,37161966,37162086,<NO-CALL>
chr21,37164012,37164252,<NO-CALL>
chr21,37165512,37166622,<NO-CALL>
chr21,37167527,37167647,<NO-CALL>
chr21,37172549,37172789,<NO-CALL>
chr21,37182723,37182934,<NO-CALL>
chr21,37185679,37185799,<NO-CALL>
chr21,37187036,37187156,<NO-CALL>
chr21,37188454,37188604,<NO-CALL>
chr21,37191318,37191468,<NO-CALL>
chr21,37192072,37192222,<NO-CALL>
chr21,37195585,37196095,<NO-CALL>
chr21,37197512,37197724,<NO-CALL>
chr21,37197803,37198073,<NO-CALL>
chr21,37200217,37200337,<NO-CALL>
chr21,37201356,37201626,<NO-CALL>
chr21,37221077,37221557,<NO-CALL>
chr21,37225494,37225644,<NO-CALL>
chr21,37227579,37227849,<NO-CALL>
chr21,37228147,37228417,<NO-CALL>
chr21,37232353,37232473,<NO-CALL>
chr21,37233341,37233461,<NO-CALL>
chr21,37238414,37238654,<NO-CALL>
chr21,37240447,37240687,<NO-CALL>
chr21,37267226,37267353,<NO-CALL>
chr21,37420319,37420439,<NO-CALL>
chr21,37464223,37464343,<INS>
chr21,37472661,37472901,<NO-CALL>
chr21,37478120,37478360,<NO-CALL>
chr21,37480611,37480851,<NO-CALL>
chr21,37486420,37486660,<NO-CALL>
chr21,37490137,37490497,<NO-CALL>
chr21,37492969,37493209,<NO-CALL>
chr21,37496067,37496307,<NO-CALL>
chr21,37505255,37505615,<NO-CALL>
chr21,37506082,37506322,<NO-CALL>
chr21,37511862,37512554,<NO-CALL>
chr21,37625141,37625501,<NO-CALL>
chr21,37714160,37715150,<DEL>
chr21,37840609,37840759,<NO-CALL>
chr21,38054559,38054829,<NO-CALL>
chr21,38120287,38120408,<DEL>
chr21,38121128,38121278,<NO-CALL>
chr21,38208120,38208480,<NO-CALL>
chr21,38299195,38300425,<NO-CALL>
chr21,38383332,38383962,<NO-CALL>
chr21,38390928,38391078,<NO-CALL>
chr21,38391626,38391746,<NO-CALL>
chr21,38392349,38392469,<NO-CALL>
chr21,38400519,38400669,<NO-CALL>
chr21,38402536,38402656,<NO-CALL>
chr21,38403487,38403727,<NO-CALL>
chr21,38423365,38423605,<NO-CALL>
chr21,38445392,38445632,<NO-CALL>
chr21,38451143,38451263,<NO-CALL>
chr21,38498281,38498431,<NO-CALL>
chr21,38575620,38575740,<NO-CALL>
chr21,38810010,38810130,<NO-CALL>
chr21,38812998,38813148,<NO-CALL>
chr21,38814212,38814452,<NO-CALL>
chr21,38814730,38815000,<NO-CALL>
chr21,38816989,38817109,<NO-CALL>
chr21,38818385,38818655,<NO-CALL>
chr21,38819454,38819814,<NO-CALL>
chr21,38821524,38821764,<INV>
chr21,38822631,38822901,<NO-CALL>
chr21,38878470,38878950,<NO-CALL>
chr21,39175566,39175686,<NO-CALL>
chr21,39177382,39177622,<NO-CALL>
chr21,39178427,39178651,<NO-CALL>
chr21,39179894,39180014,<NO-CALL>
chr21,39180240,39180480,<NO-CALL>
chr21,39181734,39181884,<NO-CALL>
chr21,39183173,39183451,<NO-CALL>
chr21,39186981,39187461,<NO-CALL>
chr21,39196236,39197436,<INS>
chr21,39198732,39199692,<NO-CALL>
chr21,39200182,39200422,<NO-CALL>
chr21,39202314,39202554,<NO-CALL>
chr21,39206070,39206340,<NO-CALL>
chr21,39209920,39210190,<NO-CALL>
chr21,39210707,39210977,<NO-CALL>
chr21,39212626,39212746,<NO-CALL>
chr21,39213426,39213576,<NO-CALL>
chr21,39215179,39215419,<NO-CALL>
chr21,39218091,39218331,<NO-CALL>
chr21,39218462,39218702,<NO-CALL>
chr21,39224398,39224526,<NO-CALL>
chr21,39225051,39225201,<NO-CALL>
chr21,39228480,39228600,<NO-CALL>
chr21,39229253,39229493,<NO-CALL>
chr21,39232140,39232290,<NO-CALL>
chr21,39232315,39232555,<INS>
chr21,39236569,39236809,<NO-CALL>
chr21,39238465,39238585,<NO-CALL>
chr21,39247646,39247886,<NO-CALL>
chr21,39250782,39250902,<NO-CALL>
chr21,39255616,39255856,<NO-CALL>
chr21,39258459,39258699,<NO-CALL>
chr21,39264452,39264692,<NO-CALL>
chr21,39264834,39265074,<NO-CALL>
chr21,39269845,39270085,<INV>
chr21,39270237,39270477,<NO-CALL>
chr21,39274362,39274482,<NO-CALL>
chr21,39276132,39276252,<NO-CALL>
chr21,39277210,39277360,<NO-CALL>
chr21,39278717,39278837,<NO-CALL>
chr21,39280137,39280257,<NO-CALL>
chr21,39293801,39294041,<NO-CALL>
chr21,39295702,39295942,<NO-CALL>
chr21,39296223,39296373,<NO-CALL>
chr21,39298349,39298615,<NO-CALL>
chr21,39312810,39312930,<INV>
chr21,39313026,39313146,<NO-CALL>
chr21,39313209,39313329,<NO-CALL>
chr21,39313406,39313526,<NO-CALL>
chr21,39343075,39343195,<NO-CALL>
chr21,39345146,39345329,<NO-CALL>
chr21,39348225,39348496,<NO-CALL>
chr21,39348500,39348620,<NO-CALL>
chr21,39348870,39349018,<NO-CALL>
chr21,39380375,39380495,<NO-CALL>
chr21,39390660,39390900,<NO-CALL>
chr21,39391742,39391862,<NO-CALL>
chr21,39393132,39393282,<NO-CALL>
chr21,39396842,39396962,<NO-CALL>
chr21,39405882,39406615,<NO-CALL>
chr21,39409945,39410157,<NO-CALL>
chr21,39410255,39410375,<NO-CALL>
chr21,39411699,39411819,<NO-CALL>
chr21,39420654,39420894,<NO-CALL>
chr21,39422932,39423532,<NO-CALL>
chr21,39428122,39428512,<NO-CALL>
chr21,39451904,39452144,<NO-CALL>
chr21,39462317,39462587,<NO-CALL>
chr21,39475114,39475264,<NO-CALL>
chr21,39499808,39499958,<NO-CALL>
chr21,39508952,39509072,<NO-CALL>
chr21,39511667,39511787,<NO-CALL>
chr21,39597704,39597989,<NO-CALL>
chr21,39609583,39609665,<NO-CALL>
chr21,39612291,39612371,<NO-CALL>
chr21,39660545,39661505,<NO-CALL>
chr21,39745478,39745558,<NO-CALL>
chr21,39746216,39746298,<NO-CALL>
chr21,39765483,39765873,<NO-CALL>
chr21,39770885,39771245,<NO-CALL>
chr21,39779037,39779411,<DEL>
chr21,39788117,39788237,<NO-CALL>
chr21,39791993,39792113,<NO-CALL>
chr21,39793513,39793633,<NO-CALL>
chr21,39801249,39801369,<INV>
chr21,39867445,39867565,<NO-CALL>
chr21,39898295,39898415,<NO-CALL>
chr21,39898441,39898561,<NO-CALL>
chr21,39928927,39929167,<NO-CALL>
chr21,40012999,40013389,<NO-CALL>
chr21,40042341,40042701,<NO-CALL>
chr21,40044056,40044296,<NO-CALL>
chr21,40051912,40052152,<NO-CALL>
chr21,40055722,40055842,<NO-CALL>
chr21,40062823,40062943,<NO-CALL>
chr21,40074974,40075244,<NO-CALL>
chr21,40078621,40079011,<NO-CALL>
chr21,40080095,40080365,<NO-CALL>
chr21,40083896,40084016,<NO-CALL>
chr21,40085563,40085803,<NO-CALL>
chr21,40087078,40087348,<NO-CALL>
chr21,40093647,40093917,<NO-CALL>
chr21,40124111,40124381,<NO-CALL>
chr21,40133781,40134051,<NO-CALL>
chr21,40142510,40142750,<NO-CALL>
chr21,40144400,40144790,<NO-CALL>
chr21,40167192,40167312,<NO-CALL>
chr21,40178890,40179130,<NO-CALL>
chr21,40187074,40187314,<NO-CALL>
chr21,40187878,40187998,<DEL>
chr21,40189019,40189259,<INV>
chr21,40276033,40276303,<NO-CALL>
chr21,40295994,40296234,<NO-CALL>
chr21,40312039,40312399,<NO-CALL>
chr21,40338058,40338418,<NO-CALL>
chr21,40339086,40339446,<NO-CALL>
chr21,40347597,40347987,<NO-CALL>
chr21,40353393,40353783,<NO-CALL>
chr21,40369051,40369291,<NO-CALL>
chr21,40692732,40693002,<INV>
chr21,40708432,40708792,<NO-CALL>
chr21,40846572,40846692,<NO-CALL>
chr21,41168258,41168599,<NO-CALL>
chr21,41179531,41179651,<NO-CALL>
chr21,41226219,41226369,<NO-CALL>
chr21,41237500,41237740,<NO-CALL>
chr21,41241762,41242002,<NO-CALL>
chr21,41243322,41243562,<NO-CALL>
chr21,41245952,41246072,<NO-CALL>
chr21,41250706,41250946,<NO-CALL>
chr21,41257091,41257361,<INV>
chr21,41275317,41275677,<NO-CALL>
chr21,41316828,41316948,<NO-CALL>
chr21,41322874,41323114,<NO-CALL>
chr21,41338289,41338559,<NO-CALL>
chr21,41344444,41344564,<NO-CALL>
chr21,41345650,41345770,<NO-CALL>
chr21,41346996,41347116,<INS>
chr21,41348537,41348777,<NO-CALL>
chr21,41357062,41357212,<NO-CALL>
chr21,41376820,41377210,<NO-CALL>
chr21,41377734,41378004,<NO-CALL>
chr21,41379933,41380203,<NO-CALL>
chr21,41382366,41382606,<NO-CALL>
chr21,41390513,41390722,<NO-CALL>
chr21,41395565,41395805,<DEL>
chr21,41397591,41397711,<NO-CALL>
chr21,41398807,41399077,<NO-CALL>
chr21,41399116,41399386,<NO-CALL>
chr21,41401928,41402168,<NO-CALL>
chr21,41403244,41403364,<NO-CALL>
chr21,41403540,41403660,<NO-CALL>
chr21,41406690,41407050,<DEL>
chr21,41407901,41408291,<NO-CALL>
chr21,41432062,41432182,<INV>
chr21,41435782,41436044,<NO-CALL>
chr21,41436933,41437203,<NO-CALL>
chr21,41439620,41439890,<NO-CALL>
chr21,41440805,41441075,<NO-CALL>
chr21,41441664,41441934,<NO-CALL>
chr21,41443736,41443886,<NO-CALL>
chr21,41445358,41445628,<NO-CALL>
chr21,41445950,41446145,<NO-CALL>
chr21,41449095,41449335,<NO-CALL>
chr21,41451144,41451264,<NO-CALL>
chr21,41452564,41452924,<NO-CALL>
chr21,41458492,41458762,<NO-CALL>
chr21,41466057,41466207,<NO-CALL>
chr21,41467689,41467929,<NO-CALL>
chr21,41468346,41468586,<NO-CALL>
chr21,41470635,41470755,<NO-CALL>
chr21,41471773,41472013,<NO-CALL>
chr21,41473290,41473530,<NO-CALL>
chr21,41476538,41476658,<NO-CALL>
chr21,41479166,41479286,<NO-CALL>
chr21,41480418,41480629,<NO-CALL>
chr21,41488333,41488573,<NO-CALL>
chr21,41489459,41489609,<NO-CALL>
chr21,41494346,41494586,<NO-CALL>
chr21,41494646,41494766,<NO-CALL>
chr21,41498065,41498185,<NO-CALL>
chr21,41712883,41713000,<NO-CALL>
chr21,41713551,41713672,<NO-CALL>
chr21,41714020,41714132,<NO-CALL>
chr21,41714231,41714311,<NO-CALL>
chr21,41740787,41742017,<INV>
chr21,41743800,41744190,<INV>
chr21,41745750,41745870,<NO-CALL>
chr21,41746060,41746180,<NO-CALL>
chr21,41746571,41746811,<NO-CALL>
chr21,41749118,41749238,<NO-CALL>
chr21,41751050,41751290,<NO-CALL>
chr21,41756460,41756850,<NO-CALL>
chr21,41766853,41767070,<NO-CALL>
chr21,41801150,41801780,<NO-CALL>
chr21,41802666,41802936,<NO-CALL>
chr21,41804513,41804633,<INV>
chr21,41810091,41810361,<NO-CALL>
chr21,41810704,41810854,<NO-CALL>
chr21,41815650,41815890,<NO-CALL>
chr21,41819521,41819761,<NO-CALL>
chr21,41820044,41820194,<NO-CALL>
chr21,41820998,41821268,<NO-CALL>
chr21,41821849,41822089,<NO-CALL>
chr21,41823233,41823503,<NO-CALL>
chr21,41825916,41826066,<NO-CALL>
chr21,41828099,41828369,<INS>
chr21,41835390,41835540,<NO-CALL>
chr21,41836099,41836219,<NO-CALL>
chr21,41836450,41836678,<NO-CALL>
chr21,41837848,41838118,<NO-CALL>
chr21,41839617,41839857,<NO-CALL>
chr21,41847080,41847200,<NO-CALL>
chr21,41854511,41854871,<NO-CALL>
chr21,41857132,41857372,<NO-CALL>
chr21,41859030,41859250,<NO-CALL>
chr21,41859578,41859698,<NO-CALL>
chr21,41860259,41860409,<NO-CALL>
chr21,41861536,41861776,<NO-CALL>
chr21,41861905,41862025,<NO-CALL>
chr21,41867248,41867398,<NO-CALL>
chr21,41871407,41871677,<NO-CALL>
chr21,41878688,41878860,<NO-CALL>
chr21,41878996,41879140,<NO-CALL>
chr21,41879247,41879386,<NO-CALL>
chr21,41889113,41889353,<DEL>
chr21,41898997,41899387,<NO-CALL>
chr21,41901565,41901801,<NO-CALL>
chr21,41905690,41905840,<NO-CALL>
chr21,41906958,41907198,<INV>
chr21,41907601,41907841,<NO-CALL>
chr21,41909430,41909550,<NO-CALL>
chr21,41912295,41912445,<NO-CALL>
chr21,41914539,41914779,<NO-CALL>
chr21,41918045,41918285,<NO-CALL>
chr21,41918847,41918967,<NO-CALL>
chr21,41921938,41922088,<NO-CALL>
chr21,41942135,41942255,<NO-CALL>
chr21,41953328,41953688,<NO-CALL>
chr21,41990874,41994114,<NO-CALL>
chr21,42024311,42024510,<NO-CALL>
chr21,42024511,42024724,<NO-CALL>
chr21,42071294,42071414,<NO-CALL>
chr21,42075915,42076305,<INV>
chr21,42084014,42084284,<NO-CALL>
chr21,42085201,42085471,<NO-CALL>
chr21,42088236,42088506,<NO-CALL>
chr21,42090247,42090478,<NO-CALL>
chr21,42098842,42099232,<NO-CALL>
chr21,42102161,42102281,<NO-CALL>
chr21,42103634,42103833,<NO-CALL>
chr21,42103834,42104097,<NO-CALL>
chr21,42108278,42108398,<NO-CALL>
chr21,42109510,42109750,<NO-CALL>
chr21,42110874,42111714,<NO-CALL>
chr21,42113521,42113881,<NO-CALL>
chr21,42115868,42115988,<NO-CALL>
chr21,42119067,42119337,<NO-CALL>
chr21,42121035,42121275,<NO-CALL>
chr21,42122810,42123170,<NO-CALL>
chr21,42126267,42126537,<NO-CALL>
chr21,42126913,42127303,<NO-CALL>
chr21,42127631,42127871,<NO-CALL>
chr21,42129694,42129814,<NO-CALL>
chr21,42137379,42137639,<NO-CALL>
chr21,42201722,42201842,<NO-CALL>
chr21,42219243,42219378,<NO-CALL>
chr21,42219948,42220068,<NO-CALL>
chr21,42225612,42225969,<NO-CALL>
chr21,42270978,42271248,<NO-CALL>
chr21,42273218,42273438,<NO-CALL>
chr21,42276829,42276979,<NO-CALL>
chr21,42282196,42282466,<NO-CALL>
chr21,42284471,42284741,<NO-CALL>
chr21,42285846,42285996,<NO-CALL>
chr21,42287830,42288100,<NO-CALL>
chr21,42288171,42288321,<NO-CALL>
chr21,42289983,42290253,<NO-CALL>
chr21,42291081,42291201,<NO-CALL>
chr21,42291456,42291696,<NO-CALL>
chr21,42294450,42294720,<NO-CALL>
chr21,42296127,42296397,<NO-CALL>
chr21,42312172,42312322,<NO-CALL>
chr21,42313407,42313677,<NO-CALL>
chr21,42315258,42315528,<NO-CALL>
chr21,42346479,42346599,<NO-CALL>
chr21,42347408,42347678,<NO-CALL>
chr21,42349835,42350075,<NO-CALL>
chr21,42350827,42350977,<NO-CALL>
chr21,42362426,42362546,<NO-CALL>
chr21,42363210,42363450,<NO-CALL>
chr21,42366392,42366512,<NO-CALL>
chr21,42372680,42372830,<NO-CALL>
chr21,42375671,42375911,<NO-CALL>
chr21,42376493,42376733,<NO-CALL>
chr21,42380104,42380224,<NO-CALL>
chr21,42382036,42382256,<NO-CALL>
chr21,42382965,42383235,<NO-CALL>
chr21,42383931,42384051,<INV>
chr21,42385321,42385591,<NO-CALL>
chr21,42388344,42388584,<NO-CALL>
chr21,42388866,42389106,<NO-CALL>
chr21,42389891,42390041,<NO-CALL>
chr21,42395310,42395430,<NO-CALL>
chr21,42395921,42396161,<NO-CALL>
chr21,42403941,42404061,<NO-CALL>
chr21,42406274,42406394,<NO-CALL>
chr21,42409394,42409634,<NO-CALL>
chr21,42412972,42413242,<NO-CALL>
chr21,42413406,42413526,<NO-CALL>
chr21,42416406,42416646,<NO-CALL>
chr21,42418354,42418624,<NO-CALL>
chr21,42426638,42426878,<NO-CALL>
chr21,42432092,42432212,<NO-CALL>
chr21,42434772,42435012,<NO-CALL>
chr21,42437473,42437593,<NO-CALL>
chr21,42442373,42442640,<NO-CALL>
chr21,42443274,42443424,<NO-CALL>
chr21,42444498,42444648,<NO-CALL>
chr21,42446975,42447245,<NO-CALL>
chr21,42472753,42472903,<NO-CALL>
chr21,42475852,42476092,<NO-CALL>
chr21,42477247,42477487,<NO-CALL>
chr21,42482612,42482732,<NO-CALL>
chr21,42485616,42485856,<NO-CALL>
chr21,42486355,42486475,<NO-CALL>
chr21,42492750,42492870,<NO-CALL>
chr21,42492962,42493082,<NO-CALL>
chr21,42496069,42496219,<NO-CALL>
chr21,42518392,42518542,<NO-CALL>
chr21,42525756,42525876,<NO-CALL>
chr21,42534613,42534883,<NO-CALL>
chr21,42535450,42535570,<NO-CALL>
chr21,42539429,42539699,<NO-CALL>
chr21,42542381,42542501,<NO-CALL>
chr21,42543398,42543638,<NO-CALL>
chr21,42547061,42547181,<NO-CALL>
chr21,42554041,42554191,<NO-CALL>
chr21,42558903,42559143,<NO-CALL>
chr21,42562062,42562182,<NO-CALL>
chr21,42563785,42563905,<NO-CALL>
chr21,42564660,42564810,<NO-CALL>
chr21,42565790,42565910,<NO-CALL>
chr21,42566961,42567081,<NO-CALL>
chr21,42568308,42568458,<NO-CALL>
chr21,42574806,42574926,<NO-CALL>
chr21,42579707,42579827,<NO-CALL>
chr21,42580292,42580412,<NO-CALL>
chr21,42653788,42653908,<NO-CALL>
chr21,42686166,42686286,<NO-CALL>
chr21,42687895,42688015,<NO-CALL>
chr21,42697392,42697512,<NO-CALL>
chr21,42698899,42699049,<NO-CALL>
chr21,42731709,42731979,<NO-CALL>
chr21,42732036,42732156,<DEL>
chr21,42733330,42733450,<NO-CALL>
chr21,42743757,42743877,<NO-CALL>
chr21,42751066,42751216,<NO-CALL>
chr21,42753966,42754086,<NO-CALL>
chr21,42758951,42759101,<NO-CALL>
chr21,42760319,42760439,<NO-CALL>
chr21,42760805,42760925,<INS>
chr21,42762010,42762280,<NO-CALL>
chr21,42765377,42765497,<NO-CALL>
chr21,42768149,42768299,<NO-CALL>
chr21,42768940,42769206,<NO-CALL>
chr21,42770690,42770810,<DEL>
chr21,42772389,42772539,<NO-CALL>
chr21,42775235,42775355,<NO-CALL>
chr21,42849995,42850265,<NO-CALL>
chr21,42852199,42852349,<NO-CALL>
chr21,42853540,42853780,<NO-CALL>
chr21,42854533,42854653,<NO-CALL>
chr21,42855670,42855790,<NO-CALL>
chr21,42859631,42859751,<NO-CALL>
chr21,42862277,42862397,<NO-CALL>
chr21,42863367,42863637,<NO-CALL>
chr21,42873500,42873740,<NO-CALL>
chr21,42876674,42876794,<NO-CALL>
chr21,42879360,42879510,<NO-CALL>
chr21,42893297,42893417,<NO-CALL>
chr21,42896866,42897106,<NO-CALL>
chr21,42903128,42904328,<INV>
chr21,42906810,42906930,<NO-CALL>
chr21,42908822,42909062,<NO-CALL>
chr21,43004346,43004466,<NO-CALL>
chr21,43007404,43007674,<NO-CALL>
chr21,43010018,43010258,<NO-CALL>
chr21,43013032,43013272,<NO-CALL>
chr21,43016897,43017017,<NO-CALL>
chr21,43018121,43018241,<NO-CALL>
chr21,43021246,43021486,<NO-CALL>
chr21,43024848,43024968,<NO-CALL>
chr21,43028637,43028907,<NO-CALL>
chr21,43029845,43030115,<NO-CALL>
chr21,43053841,43053991,<NO-CALL>
chr21,43056018,43056138,<NO-CALL>
chr21,43056784,43056904,<NO-CALL>
chr21,43058138,43058258,<NO-CALL>
chr21,43058780,43059020,<NO-CALL>
chr21,43059174,43059324,<NO-CALL>
chr21,43060403,43060553,<NO-CALL>
chr21,43062292,43062412,<INV>
chr21,43062865,43063135,<NO-CALL>
chr21,43063855,43064005,<NO-CALL>
chr21,43065147,43065297,<NO-CALL>
chr21,43065333,43065573,<NO-CALL>
chr21,43065595,43065715,<NO-CALL>
chr21,43066159,43066429,<NO-CALL>
chr21,43068501,43068621,<NO-CALL>
chr21,43071938,43072208,<NO-CALL>
chr21,43093005,43093349,<NO-CALL>
chr21,43094426,43094576,<NO-CALL>
chr21,43094601,43094841,<NO-CALL>
chr21,43095426,43095546,<NO-CALL>
chr21,43095658,43095778,<NO-CALL>
chr21,43100425,43100545,<NO-CALL>
chr21,43101308,43101458,<NO-CALL>
chr21,43104298,43104418,<NO-CALL>
chr21,43107380,43107512,<NO-CALL>
chr21,43169043,43169313,<NO-CALL>
chr21,43170457,43170697,<NO-CALL>
chr21,43172055,43172295,<NO-CALL>
chr21,43416689,43417169,<NO-CALL>
chr21,43417538,43417778,<NO-CALL>
chr21,43418190,43418580,<NO-CALL>
chr21,43419008,43419248,<NO-CALL>
chr21,43419295,43419535,<NO-CALL>
chr21,43419811,43420051,<NO-CALL>
chr21,43420195,43420465,<NO-CALL>
chr21,43420951,43421424,<NO-CALL>
chr21,43421568,43421838,<NO-CALL>
chr21,43421945,43422065,<NO-CALL>
chr21,43425314,43425584,<INV>
chr21,43425980,43426220,<NO-CALL>
chr21,43471600,43471694,<NO-CALL>
chr21,43475965,43476045,<NO-CALL>
chr21,43478059,43478139,<NO-CALL>
chr21,43529707,43529977,<INV>
chr21,43565189,43565619,<INV>
chr21,43592216,43592336,<INV>
chr21,43613768,43614008,<INV>
chr21,43630314,43630507,<INV>
chr21,43633196,43633466,<INV>
chr21,43644280,43644400,<INV>
chr21,43656541,43656781,<INV>
chr21,43658018,43658138,<INV>
chr21,43659609,43659829,<INV>
chr21,43669834,43669984,<INV>
chr21,43672276,43672396,<INV>
chr21,43673822,43673972,<INV>
chr21,43674612,43674732,<INV>
chr21,43674978,43675218,<INV>
chr21,43676243,43676363,<INV>
chr21,43676673,43676943,<INV>
chr21,43683265,43683385,<INV>
chr21,43684511,43684661,<INV>
chr21,43685739,43685896,<INV>
chr21,43686749,43686989,<INV>
chr21,43687427,43688297,<INV>
chr21,43690243,43690483,<INV>
chr21,43691410,43691530,<INV>
chr21,43693166,43693406,<INV>
chr21,43719294,43719414,<INV>
chr21,43732332,43732692,<INV>
chr21,43734035,43734155,<INV>
chr21,43737148,43737347,<INV>
chr21,43737348,43737636,<INV>
chr21,43741501,43741621,<INV>
chr21,43741658,43741778,<INV>
chr21,43743675,43743825,<INV>
chr21,43746041,43746161,<INV>
chr21,43748942,43749092,<INV>
chr21,43750462,43750582,<INV>
chr21,43752513,43752633,<INV>
chr21,43753500,43753770,<INV>
chr21,43755640,43755790,<INV>
chr21,43755916,43756066,<INV>
chr21,43774145,43774385,<INV>
chr21,43774648,43774768,<INV>
chr21,43776176,43776296,<INV>
chr21,43789575,43789815,<INV>
chr21,43791300,43791450,<INV>
chr21,43792640,43792760,<INV>
chr21,43793271,43793421,<INV>
chr21,43795159,43795279,<INV>
chr21,43797336,43797722,<INV>
chr21,43797883,43798123,<INV>
chr21,43799549,43799669,<INV>
chr21,43800475,43800625,<INV>
chr21,43800781,43800931,<INV>
chr21,43802270,43802390,<INV>
chr21,43803462,43803822,<INV>
chr21,43959650,43959890,<INV>
chr21,43967910,43968150,<INV>
chr21,43969048,43969318,<INV>
chr21,43970609,43970849,<INV>
chr21,43971348,43971498,<INV>
chr21,43978023,43978143,<INV>
chr21,43980937,43981207,<INV>
chr21,43982257,43982407,<INV>
chr21,44012478,44012598,<INV>
chr21,44032041,44032191,<INV>
chr21,44037709,44037979,<INV>
chr21,44052257,44052497,<INV>
chr21,44055675,44055915,<INV>
chr21,44059068,44059218,<INV>
chr21,44059424,44059544,<INV>
chr21,44063451,44063841,<INV>
chr21,44074246,44074516,<INV>
chr21,44075035,44075155,<INV>
chr21,44076529,44076649,<INV>
chr21,44077678,44077798,<INV>
chr21,44079513,44079753,<INV>
chr21,44079980,44080130,<INV>
chr21,44082744,44083344,<INV>
chr21,44084042,44084312,<INV>
chr21,44086730,44087000,<INV>
chr21,44087693,44087933,<INV>
chr21,44089822,44089942,<INV>
chr21,44091865,44092105,<INV>
chr21,44094027,44094267,<INV>
chr21,44098325,44098538,<INV>
chr21,44102724,44102994,<INV>
chr21,44103231,44103591,<INV>
chr21,44107365,44107485,<INV>
chr21,44108979,44109099,<INV>
chr21,44113709,44113859,<INV>
chr21,44114138,44114288,<INV>
chr21,44114576,44114816,<INV>
chr21,44115181,44115451,<INV>
chr21,44115649,44115955,<INV>
chr21,44117741,44118011,<INV>
chr21,44118707,44118857,<INV>
chr21,44119334,44119574,<INV>
chr21,44120301,44120541,<INV>
chr21,44120554,44120824,<INV>
chr21,44120906,44121146,<INV>
chr21,44122146,44122386,<INV>
chr21,44124533,44124773,<INV>
chr21,44126004,44126124,<INV>
chr21,44126872,44126992,<INV>
chr21,44127920,44128160,<INV>
chr21,44128201,44128441,<INV>
chr21,44128528,44128648,<INV>
chr21,44130564,44130833,<INV>
chr21,44133647,44133887,<INV>
chr21,44134067,44134187,<INV>
chr21,44136056,44136176,<INV>
chr21,44137086,44137356,<INV>
chr21,44140205,44140355,<INV>
chr21,44143162,44143402,<INV>
chr21,44144764,44145004,<INV>
chr21,44228978,44229098,<INV>
chr21,44230011,44230131,<INV>
chr21,44231241,44231481,<INV>
chr21,44235236,44235596,<INV>
chr21,44236831,44237221,<INV>
chr21,44238377,44238527,<INV>
chr21,44240750,44240870,<INV>
chr21,44246330,44246600,<INV>
chr21,44249008,44249128,<INV>
chr21,44250729,44250999,<INV>
chr21,44251600,44251720,<INV>
chr21,44254600,44254720,<INV>
chr21,44256020,44256170,<INV>
chr21,44258488,44258728,<INV>
chr21,44259432,44259552,<INV>
chr21,44259601,44259721,<INV>
chr21,44260756,44260876,<INV>
chr21,44261116,44261266,<INV>
chr21,44285952,44286192,<INV>
chr21,44286493,44286763,<INV>
chr21,44286905,44287175,<INV>
chr21,44287493,44287613,<INV>
chr21,44288311,44288461,<INV>
chr21,44289579,44289849,<INV>
chr21,44289967,44290087,<INV>
chr21,44290738,44291248,<INV>
chr21,44292291,44292411,<INV>
chr21,44292963,44293203,<INV>
chr21,44293729,44293969,<INV>
chr21,44294391,44294511,<INV>
chr21,44296323,44296473,<INV>
chr21,44297601,44297751,<INV>
chr21,44300087,44300207,<INV>
chr21,44305282,44305432,<INV>
chr21,44305717,44305987,<INV>
chr21,44306657,44306777,<INV>
chr21,44310954,44311104,<INV>
chr21,44312079,44312319,<INV>
chr21,44312940,44313180,<INV>
chr21,44313599,44313719,<INV>
chr21,44313906,44314026,<INV>
chr21,44316231,44316351,<INV>
chr21,44316387,44316537,<INV>
chr21,44318382,44318652,<INV>
chr21,44319322,44319442,<INV>
chr21,44320025,44320175,<INV>
chr21,44321651,44321921,<INV>
chr21,44322107,44322227,<INV>
chr21,44322945,44323065,<INV>
chr21,44323691,44323961,<INV>
chr21,44324452,44324692,<INV>
chr21,44324826,44324946,<INV>
chr21,44325148,44325268,<INV>
chr21,44325920,44326070,<INV>
chr21,44326151,44326271,<INV>
chr21,44326668,44326908,<INV>
chr21,44330141,44330381,<INV>
chr21,44330810,44330930,<INV>
chr21,44331778,44332048,<INV>
chr21,44333027,44333267,<INV>
chr21,44335720,44335840,<INV>
chr21,44337597,44337717,<INV>
chr21,44339115,44339235,<INV>
chr21,44353662,44353902,<INV>
chr21,44354631,44354751,<INV>
chr21,44364077,44364317,<NO-CALL>
chr21,44366723,44366963,<NO-CALL>
chr21,44369139,44369379,<NO-CALL>
chr21,44375802,44376042,<NO-CALL>
chr21,44377682,44377802,<NO-CALL>
chr21,44378976,44379216,<NO-CALL>
chr21,44382678,44382828,<NO-CALL>
chr21,44390814,44391084,<NO-CALL>
chr21,44391222,44391682,<NO-CALL>
chr21,44395353,44395602,<NO-CALL>
chr21,44397661,44397931,<NO-CALL>
chr21,44399248,44399488,<NO-CALL>
chr21,44400222,44400372,<NO-CALL>
chr21,44401638,44401908,<NO-CALL>
chr21,44405088,44405320,<NO-CALL>
chr21,44405820,44406090,<NO-CALL>
chr21,44406559,44406799,<NO-CALL>
chr21,44413832,44414102,<INS>
chr21,44417853,44418149,<NO-CALL>
chr21,44418338,44418608,<NO-CALL>
chr21,44423628,44423748,<NO-CALL>
chr21,44424835,44424955,<NO-CALL>
chr21,44425628,44425868,<NO-CALL>
chr21,44426607,44426757,<NO-CALL>
chr21,44427000,44427120,<NO-CALL>
chr21,44435083,44435233,<NO-CALL>
chr21,44437054,44437174,<NO-CALL>
chr21,44439057,44439177,<NO-CALL>
chr21,44440696,44440966,<NO-CALL>
chr21,44441604,44441874,<NO-CALL>
chr21,44456581,44457451,<NO-CALL>
chr21,44499739,44499979,<NO-CALL>
chr21,44504770,44504890,<NO-CALL>
chr21,44508829,44508949,<NO-CALL>
chr21,44509172,44509412,<NO-CALL>
chr21,44521847,44522117,<NO-CALL>
chr21,44525595,44525865,<NO-CALL>
chr21,44527284,44527524,<NO-CALL>
chr21,44528367,44528637,<NO-CALL>
chr21,44529755,44529995,<NO-CALL>
chr21,44531027,44531147,<NO-CALL>
chr21,44533623,44533945,<NO-CALL>
chr21,44539223,44539807,<NO-CALL>
chr21,44539826,44540182,<NO-CALL>
chr21,44550624,44551488,<NO-CALL>
chr21,44557977,44558327,<NO-CALL>
chr21,44558470,44558747,<NO-CALL>
chr21,44567774,44568014,<NO-CALL>
chr21,44573671,44575021,<INV>
chr21,44579684,44580268,<NO-CALL>
chr21,44580346,44580598,<NO-CALL>
chr21,44591335,44592535,<NO-CALL>
chr21,44600699,44601770,<NO-CALL>
chr21,44612056,44612997,<NO-CALL>
chr21,44627138,44627495,<NO-CALL>
chr21,44627606,44628069,<NO-CALL>
chr21,44637356,44638224,<NO-CALL>
chr21,44646425,44646737,<NO-CALL>
chr21,44646911,44647374,<NO-CALL>
chr21,44654234,44654624,<NO-CALL>
chr21,44657944,44658304,<NO-CALL>
chr21,44666395,44666905,<NO-CALL>
chr21,44681767,44682157,<NO-CALL>
chr21,44697160,44697990,<NO-CALL>
chr21,44711413,44711533,<NO-CALL>
chr21,44771372,44771492,<NO-CALL>
chr21,44773466,44773736,<NO-CALL>
chr21,44777237,44777477,<NO-CALL>
chr21,44787852,44788002,<NO-CALL>
chr21,44788017,44788137,<NO-CALL>
chr21,44801666,44801786,<NO-CALL>
chr21,44806905,44807055,<NO-CALL>
chr21,44809022,44809142,<NO-CALL>
chr21,44813889,44814159,<NO-CALL>
chr21,44817906,44818026,<NO-CALL>
chr21,44851513,44851663,<INV>
chr21,44855172,44855292,<NO-CALL>
chr21,44856128,44856398,<NO-CALL>
chr21,44861156,44861276,<NO-CALL>
chr21,44865330,44865480,<NO-CALL>
chr21,44873498,44873618,<NO-CALL>
chr21,44886338,44886458,<NO-CALL>
chr21,44886698,44886938,<NO-CALL>
chr21,44888643,44888913,<NO-CALL>
chr21,44889235,44889505,<NO-CALL>
chr21,44889889,44890279,<NO-CALL>
chr21,44891752,44892022,<NO-CALL>
chr21,44893323,44893593,<NO-CALL>
chr21,44894955,44895075,<NO-CALL>
chr21,44899054,44899174,<NO-CALL>
chr21,44900277,44900517,<NO-CALL>
chr21,44901402,44901792,<NO-CALL>
chr21,44903329,44903569,<NO-CALL>
chr21,44906884,44907124,<NO-CALL>
chr21,44908114,44908234,<NO-CALL>
chr21,44910267,44910387,<NO-CALL>
chr21,44910693,44910813,<NO-CALL>
chr21,44933692,44933891,<NO-CALL>
chr21,44933892,44934183,<NO-CALL>
chr21,44934812,44935096,<NO-CALL>
chr21,44935627,44935890,<NO-CALL>
chr21,44937531,44937611,<NO-CALL>
chr21,44939998,44940303,<NO-CALL>
chr21,44943640,44943880,<NO-CALL>
chr21,44960073,44960193,<NO-CALL>
chr21,44966987,44967227,<NO-CALL>
chr21,44973140,44973290,<DEL>
chr21,44976621,44976861,<NO-CALL>
chr21,45134753,45134873,<NO-CALL>
chr21,45171586,45171710,<NO-CALL>
chr21,45175686,45176676,<NO-CALL>
chr21,45180326,45180446,<NO-CALL>
chr21,45182548,45182788,<NO-CALL>
chr21,45183285,45183555,<NO-CALL>
chr21,45184856,45185126,<NO-CALL>
chr21,45204525,45204765,<NO-CALL>
chr21,45220804,45221044,<NO-CALL>
chr21,45221987,45222227,<NO-CALL>
chr21,45225460,45225610,<NO-CALL>
chr21,45265438,45265678,<NO-CALL>
chr21,45266163,45266283,<NO-CALL>
chr21,45267401,45267761,<NO-CALL>
chr21,45269808,45270048,<NO-CALL>
chr21,45276929,45277199,<NO-CALL>
chr21,45278045,45278195,<NO-CALL>
chr21,45282313,45282463,<NO-CALL>
chr21,45283348,45283574,<NO-CALL>
chr21,45285622,45285982,<NO-CALL>
chr21,45287698,45287892,<NO-CALL>
chr21,45294137,45294336,<NO-CALL>
chr21,45294337,45294634,<NO-CALL>
chr21,45303116,45303315,<NO-CALL>
chr21,45303316,45303515,<NO-CALL>
chr21,45304457,45304537,<NO-CALL>
chr21,45405168,45405288,<NO-CALL>
chr21,45405365,45405485,<NO-CALL>
chr21,45421277,45421667,<NO-CALL>
chr21,45422367,45422607,<NO-CALL>
chr21,45455463,45456213,<NO-CALL>
chr21,45468183,45468813,<NO-CALL>
chr21,45473847,45473997,<NO-CALL>
chr21,45475445,45475565,<NO-CALL>
chr21,45476295,45476496,<NO-CALL>
chr21,45477358,45477508,<NO-CALL>
chr21,45477737,45477977,<NO-CALL>
chr21,45478249,45478399,<NO-CALL>
chr21,45479842,45480091,<INV>
chr21,45480433,45480553,<NO-CALL>
chr21,45480628,45480898,<NO-CALL>
chr21,45481933,45482053,<NO-CALL>
chr21,45482292,45482412,<NO-CALL>
chr21,45482717,45482867,<NO-CALL>
chr21,45486806,45487046,<NO-CALL>
chr21,45487417,45487656,<NO-CALL>
chr21,45488340,45488490,<NO-CALL>
chr21,45489443,45489563,<NO-CALL>
chr21,45490250,45490370,<NO-CALL>
chr21,45490793,45490913,<NO-CALL>
chr21,45491179,45491329,<NO-CALL>
chr21,45492459,45492759,<NO-CALL>
chr21,45493133,45493253,<NO-CALL>
chr21,45493477,45493597,<NO-CALL>
chr21,45494467,45494617,<NO-CALL>
chr21,45494828,45494948,<NO-CALL>
chr21,45495334,45495454,<NO-CALL>
chr21,45496473,45496593,<NO-CALL>
chr21,45497010,45497130,<NO-CALL>
chr21,45497569,45497689,<NO-CALL>
chr21,45503942,45504092,<NO-CALL>
chr21,45504377,45504497,<INV>
chr21,45505085,45505382,<NO-CALL>
chr21,45505781,45506021,<NO-CALL>
chr21,45507486,45507636,<NO-CALL>
chr21,45509298,45509658,<NO-CALL>
chr21,45510042,45510282,<NO-CALL>
chr21,45511108,45511228,<NO-CALL>
chr21,45512172,45512412,<NO-CALL>
chr21,45515568,45516198,<NO-CALL>
chr21,45525767,45526007,<NO-CALL>
chr21,45530750,45530990,<NO-CALL>
chr21,45531318,45532188,<NO-CALL>
chr21,45537744,45537984,<NO-CALL>
chr21,45896267,45896387,<NO-CALL>
chr21,45899550,45899700,<NO-CALL>
chr21,45900516,45900666,<NO-CALL>
chr21,45900904,45901174,<NO-CALL>
chr21,45909270,45909540,<NO-CALL>
chr21,45910815,45911085,<NO-CALL>
chr21,45913897,45914047,<NO-CALL>
chr21,45917548,45917668,<NO-CALL>
chr21,45929895,45930015,<NO-CALL>
chr21,45930725,45930875,<NO-CALL>
chr21,45935218,45935338,<NO-CALL>
chr21,45939994,45940234,<NO-CALL>
chr21,45941597,45941747,<NO-CALL>
chr21,45981838,45981958,<INV>
chr21,45982548,45982818,<INV>
chr21,45984218,45984488,<INV>
chr21,45986485,45986725,<INV>
chr21,45986887,45987224,<INV>
chr21,45987418,45987568,<INV>
chr21,45987571,45987691,<INV>
chr21,45989050,45989170,<INV>
chr21,45989539,45989689,<INV>
chr21,45989704,45989824,<INV>
chr21,45990180,45990442,<INV>
chr21,45990709,45990859,<INV>
chr21,45990919,45991069,<INV>
chr21,45991980,45992250,<INV>
chr21,45992320,45992440,<INV>
chr21,45992718,45992838,<INV>
chr21,45994137,45994257,<INV>
chr21,45997361,45997511,<INV>
chr21,45997670,45997790,<INV>
chr21,45998055,45998205,<INV>
chr21,45998355,45998475,<INV>
chr21,45998867,45998987,<INV>
chr21,45999125,45999245,<INV>
chr21,45999614,45999734,<INV>
chr21,46000258,46000408,<INV>
chr21,46000672,46000822,<INV>
chr21,46001199,46001439,<INV>
chr21,46001955,46002075,<INV>
chr21,46002189,46002429,<INV>
chr21,46002468,46002738,<INV>
chr21,46003044,46003194,<INV>
chr21,46003311,46004061,<INV>
chr21,46111473,46111593,<NO-CALL>
chr21,46111917,46112637,<NO-CALL>
chr21,46112723,46112873,<NO-CALL>
chr21,46113980,46114100,<NO-CALL>
chr21,46115808,46116090,<NO-CALL>
chr21,46116329,46116479,<NO-CALL>
chr21,46116573,46116851,<NO-CALL>
chr21,46117366,46117486,<NO-CALL>
chr21,46117844,46117964,<NO-CALL>
chr21,46118584,46118704,<NO-CALL>
chr21,46118984,46119134,<NO-CALL>
chr21,46119758,46119878,<NO-CALL>
chr21,46120485,46120605,<NO-CALL>
chr21,46121031,46121151,<NO-CALL>
chr21,46121496,46121646,<NO-CALL>
chr21,46122072,46122192,<NO-CALL>
chr21,46122423,46122573,<NO-CALL>
chr21,46122845,46122965,<NO-CALL>
chr21,46124591,46124741,<NO-CALL>
chr21,46124812,46124962,<NO-CALL>
chr21,46125198,46125348,<NO-CALL>
chr21,46125420,46125660,<NO-CALL>
chr21,46125770,46126250,<NO-CALL>
chr21,46126431,46126581,<NO-CALL>
chr21,46128855,46128975,<NO-CALL>
chr21,46129133,46129523,<NO-CALL>
chr21,46131951,46132552,<NO-CALL>
chr21,46136413,46136533,<NO-CALL>
chr21,46136939,46137089,<NO-CALL>
chr21,46137196,46137346,<INV>
chr21,46138456,46138696,<NO-CALL>
chr21,46138811,46138961,<NO-CALL>
chr21,46145377,46145617,<NO-CALL>
chr21,46145818,46145974,<NO-CALL>
chr21,46146206,46146356,<NO-CALL>
chr21,46150064,46150304,<NO-CALL>
chr21,46150306,46150576,<NO-CALL>
chr21,46151497,46151767,<NO-CALL>
chr21,46151875,46151995,<NO-CALL>
chr21,46152850,46153090,<NO-CALL>
chr21,46154090,46154360,<NO-CALL>
chr21,46155436,46155556,<NO-CALL>
chr21,46161361,46161721,<NO-CALL>
chr21,46161871,46162111,<NO-CALL>
chr21,46168258,46168408,<NO-CALL>
chr21,46191019,46191289,<NO-CALL>
chr21,46191859,46191979,<NO-CALL>
chr21,46194455,46194695,<NO-CALL>
chr21,46195625,46195775,<NO-CALL>
chr21,46196174,46196294,<NO-CALL>
chr21,46205828,46205948,<NO-CALL>
chr21,46206629,46206779,<NO-CALL>
chr21,46207382,46207622,<NO-CALL>
chr21,46208215,46208335,<NO-CALL>
chr21,46209529,46209649,<NO-CALL>
chr21,46210655,46210775,<NO-CALL>
chr21,46212948,46213098,<NO-CALL>
chr21,46213726,46213846,<NO-CALL>
chr21,46215118,46215358,<NO-CALL>
chr21,46215678,46215798,<NO-CALL>
chr21,46216306,46216576,<NO-CALL>
chr21,46219463,46219583,<NO-CALL>
chr21,46221794,46222034,<NO-CALL>
chr21,46222623,46222743,<NO-CALL>
chr21,46227500,46227740,<NO-CALL>
chr21,46228396,46228636,<NO-CALL>
chr21,46228678,46228798,<NO-CALL>
chr21,46235196,46235466,<INS>
chr21,46236753,46237023,<NO-CALL>
chr21,46240763,46241033,<NO-CALL>
chr21,46242746,46242986,<NO-CALL>
chr21,46243383,46243773,<NO-CALL>
chr21,46244731,46245241,<DEL>
chr21,46246295,46246415,<NO-CALL>
chr21,46246576,46246936,<NO-CALL>
chr21,46251485,46251725,<NO-CALL>
chr21,46254338,46254578,<NO-CALL>
chr21,46254749,46254869,<NO-CALL>
chr21,46256767,46257007,<NO-CALL>
chr21,46258864,46259134,<NO-CALL>
chr21,46260789,46260909,<NO-CALL>
chr21,46261195,46261451,<NO-CALL>
chr21,46264076,46264226,<NO-CALL>
chr21,46265271,46265541,<NO-CALL>
chr21,46265835,46266225,<NO-CALL>
chr21,46266941,46267181,<NO-CALL>
chr21,46270331,46270601,<NO-CALL>
chr21,46272514,46272874,<NO-CALL>
chr21,46273336,46273606,<NO-CALL>
chr21,46275135,46275375,<NO-CALL>
chr21,46277471,46277741,<NO-CALL>
chr21,46279914,46280184,<NO-CALL>
chr21,46280475,46280625,<NO-CALL>
chr21,46283606,46283846,<NO-CALL>
chr21,46284016,46285336,<INV>
chr21,46286898,46287138,<NO-CALL>
chr21,46291277,46291517,<INV>
chr21,46296105,46296255,<NO-CALL>
chr21,46297526,46297646,<NO-CALL>
chr21,46301950,46302154,<NO-CALL>
chr21,46302440,46302590,<INS>
chr21,46311451,46311571,<NO-CALL>
chr21,46314677,46314917,<NO-CALL>
chr21,46315420,46315570,<NO-CALL>
chr21,46317177,46317297,<NO-CALL>
chr21,46317965,46318235,<NO-CALL>
chr21,46322587,46322738,<NO-CALL>
chr21,46324195,46324315,<NO-CALL>
chr21,46326362,46326602,<NO-CALL>
chr21,46334312,46334822,<NO-CALL>
chr21,46346107,46346227,<NO-CALL>
chr21,46346690,46347050,<NO-CALL>
chr21,46347424,46347544,<NO-CALL>
chr21,46348978,46349218,<NO-CALL>
chr21,46349601,46349871,<NO-CALL>
chr21,46351394,46351544,<NO-CALL>
chr21,46353094,46353334,<NO-CALL>
chr21,46353967,46354087,<NO-CALL>
chr21,46355388,46355658,<NO-CALL>
chr21,46356962,46357232,<NO-CALL>
chr21,46363436,46363946,<NO-CALL>
chr21,46366531,46367161,<NO-CALL>
chr21,46381646,46381861,<NO-CALL>
chr21,46385757,46386027,<NO-CALL>
chr21,46388662,46388932,<NO-CALL>
chr21,46389194,46389434,<NO-CALL>
chr21,46389985,46390105,<NO-CALL>
chr21,46390600,46390870,<NO-CALL>
chr21,46391149,46391389,<NO-CALL>
chr21,46397259,46397499,<NO-CALL>
chr21,46397951,46398304,<NO-CALL>
chr21,46399572,46399842,<NO-CALL>
chr21,46401515,46401755,<NO-CALL>
chr21,46402290,46402526,<DEL>
chr21,46411117,46412107,<INV>
chr21,46412794,46413034,<NO-CALL>
chr21,46416003,46416873,<NO-CALL>
chr21,46418164,46418314,<NO-CALL>
chr21,46421896,46422166,<NO-CALL>
chr21,46425750,46426020,<NO-CALL>
chr21,46427558,46427828,<NO-CALL>
chr21,46428372,46428612,<NO-CALL>
chr21,46430000,46430240,<INV>
chr21,46430461,46430701,<NO-CALL>
chr21,46431481,46432231,<NO-CALL>
chr21,46435845,46436205,<NO-CALL>
chr21,46436969,46437089,<NO-CALL>
chr21,46438130,46438370,<INS>
chr21,46439992,46440262,<NO-CALL>
chr21,46440819,46441089,<INS>
chr21,46442474,46442594,<NO-CALL>
chr21,46443728,46443998,<NO-CALL>
chr21,46444637,46444877,<NO-CALL>
chr21,46445245,46445365,<INV>
chr21,46459116,46459236,<NO-CALL>
chr21,46484732,46484852,<NO-CALL>
chr21,46490599,46490719,<NO-CALL>
chr21,46496987,46497107,<NO-CALL>
chr21,46498527,46498887,<NO-CALL>
chr21,46504304,46504544,<INV>
chr21,46509256,46509376,<NO-CALL>
chr21,46511395,46511635,<NO-CALL>
chr21,46529077,46529197,<NO-CALL>
chr21,46532121,46532241,<NO-CALL>
chr21,46533465,46533705,<NO-CALL>
chr21,46533998,46534118,<NO-CALL>
chr21,46534575,46534695,<NO-CALL>
chr21,46537195,46537315,<NO-CALL>
chr21,46537432,46537552,<NO-CALL>
chr21,46538482,46538602,<NO-CALL>
chr21,46539873,46539993,<NO-CALL>
chr21,46541705,46541945,<NO-CALL>
chr21,46545084,46545324,<NO-CALL>
chr21,46545823,46546063,<NO-CALL>
chr21,46546860,46547100,<NO-CALL>
chr21,46549724,46549964,<NO-CALL>
chr21,46550523,46550763,<NO-CALL>
chr21,46551628,46551748,<NO-CALL>
chr21,46551803,46551923,<NO-CALL>
chr21,46554110,46554350,<NO-CALL>
chr21,46554515,46554755,<NO-CALL>
chr21,46554817,46554937,<NO-CALL>
chr21,46555976,46556096,<NO-CALL>
chr21,46556883,46557123,<NO-CALL>
chr21,46557548,46557788,<NO-CALL>
chr21,46558187,46558427,<NO-CALL>
chr21,46560692,46560812,<NO-CALL>
chr21,46561716,46561836,<NO-CALL>
chr21,46563834,46563954,<NO-CALL>
chr21,46565679,46565919,<INV>
chr21,46566501,46566741,<NO-CALL>
chr21,46567315,46567675,<NO-CALL>
chr21,46599312,46599552,<NO-CALL>
chr21,46602226,46602466,<NO-CALL>
chr21,46636910,46637030,<NO-CALL>
chr21,46643496,46643646,<NO-CALL>
chr21,46644276,46644516,<NO-CALL>
chr21,46648418,46648658,<NO-CALL>
chr21,46649455,46649776,<NO-CALL>
chr21,46651785,46652025,<NO-CALL>
chr21,46658712,46658952,<NO-CALL>
chr21,46660777,46661017,<NO-CALL>
chr21,46661747,46661943,<NO-CALL>
chr21,46663348,46663588,<NO-CALL>
chr21,46664250,46664370,<NO-CALL>
chr21,46690825,46691065,<NO-CALL>
chr21,46691182,46691303,<NO-CALL>